{
  "evaluated_grid_set": {
    "excluded_holes_inside_selected_span": [
      0.3,
      0.35,
      0.4,
      0.45,
      0.5,
      0.55,
      0.6,
      0.65,
      0.7
    ],
    "lower_grid_censored": true,
    "lr_reference": "independently accepted unrestricted optimum of the same likelihood",
    "selected_count": 6,
    "selected_pi": [
      0.15,
      0.2,
      0.25,
      0.75,
      0.8,
      0.85
    ],
    "upper_grid_censored": true
  },
  "grid_coverage": {
    "accepted_count": 15,
    "declared_count": 15,
    "declared_grid": [
      0.15,
      0.2,
      0.25,
      0.3,
      0.35,
      0.4,
      0.45,
      0.5,
      0.55,
      0.6,
      0.65,
      0.7,
      0.75,
      0.8,
      0.85
    ],
    "evaluated_count": 15,
    "evaluated_grid": [
      0.15,
      0.2,
      0.25,
      0.3,
      0.35,
      0.4,
      0.45,
      0.5,
      0.55,
      0.6,
      0.65,
      0.7,
      0.75,
      0.8,
      0.85
    ],
    "exact_order_and_value_match": true,
    "extra_grid_points": [],
    "missing_grid_points": []
  },
  "headline_coverage": {
    "all_conditional_grid_optima": "recomputed",
    "grid_holes_and_censoring": "recomputed",
    "likelihood_ratios": "recomputed",
    "projected_kkt_acceptance": "recomputed",
    "sample_and_grid_counts": "recomputed",
    "selected_only_policy_mapping": "recomputed",
    "unrestricted_optimum": "recomputed"
  },
  "profile_recomputation": [
    {
      "accepted": true,
      "kkt_inf_free": 2.8287274744798196e-08,
      "lr_from_unrestricted": 2.796541146871732,
      "nll": 281.4689538488875,
      "p_a": 0.07661609717533051,
      "p_b": 0.778095508342725,
      "pi": 0.15,
      "policy_probability": 0.7301073575041199,
      "profile_score_pi": -57.690684210040615,
      "selected_by_lr": true,
      "support_high": 0.778095508342725,
      "support_low": 0.07661609717533051
    },
    {
      "accepted": true,
      "kkt_inf_free": 7.841301794542233e-07,
      "lr_from_unrestricted": 0.006093155282087537,
      "nll": 280.0737298530927,
      "p_a": 0.08451255456506523,
      "p_b": 0.7816748859987764,
      "pi": 0.2,
      "policy_probability": 0.6980505741403983,
      "profile_score_pi": -2.3200043332432188,
      "selected_by_lr": true,
      "support_high": 0.7816748859987764,
      "support_low": 0.08451255456506523
    },
    {
      "accepted": true,
      "kkt_inf_free": 1.6107549072330585e-08,
      "lr_from_unrestricted": 1.7727799851295458,
      "nll": 280.9570732680164,
      "p_a": 0.09207365767355061,
      "p_b": 0.7847360697779914,
      "pi": 0.25,
      "policy_probability": 0.6663629798533534,
      "profile_score_pi": 35.79406254923587,
      "selected_by_lr": true,
      "support_high": 0.7847360697779914,
      "support_low": 0.09207365767355061
    },
    {
      "accepted": true,
      "kkt_inf_free": 5.956209747637331e-09,
      "lr_from_unrestricted": 6.901915983718709,
      "nll": 283.521641267311,
      "p_a": 0.09974159667098567,
      "p_b": 0.7874926918908929,
      "pi": 0.3,
      "policy_probability": null,
      "profile_score_pi": 65.86838876751052,
      "selected_by_lr": false,
      "support_high": 0.7874926918908929,
      "support_low": 0.09974159667098567
    },
    {
      "accepted": true,
      "kkt_inf_free": 1.7621664483158384e-07,
      "lr_from_unrestricted": 14.812725577653737,
      "nll": 287.4770460642785,
      "p_a": 0.10835930285853236,
      "p_b": 0.790205329086305,
      "pi": 0.35,
      "policy_probability": null,
      "profile_score_pi": 91.86776352507943,
      "selected_by_lr": false,
      "support_high": 0.790205329086305,
      "support_low": 0.10835930285853236
    },
    {
      "accepted": true,
      "kkt_inf_free": 3.1795948984836286e-07,
      "lr_from_unrestricted": 25.202597865082225,
      "nll": 292.67198220799276,
      "p_a": 0.11945696251664763,
      "p_b": 0.7932745721816304,
      "pi": 0.4,
      "policy_probability": null,
      "profile_score_pi": 115.63710016320357,
      "selected_by_lr": false,
      "support_high": 0.7932745721816304,
      "support_low": 0.11945696251664763
    },
    {
      "accepted": true,
      "kkt_inf_free": 1.5297812581138714e-06,
      "lr_from_unrestricted": 37.88045532248793,
      "nll": 299.0109109366956,
      "p_a": 0.13626463606820385,
      "p_b": 0.7974895240420142,
      "pi": 0.45,
      "policy_probability": null,
      "profile_score_pi": 137.5461870730175,
      "selected_by_lr": false,
      "support_high": 0.7974895240420142,
      "support_low": 0.13626463606820385
    },
    {
      "accepted": true,
      "kkt_inf_free": 2.334423498950855e-08,
      "lr_from_unrestricted": 52.59594706858206,
      "nll": 306.3686568097427,
      "p_a": 0.8044682010884329,
      "p_b": 0.16542325170253916,
      "pi": 0.5,
      "policy_probability": null,
      "profile_score_pi": -155.91193576985444,
      "selected_by_lr": false,
      "support_high": 0.8044682010884329,
      "support_low": 0.16542325170253916
    },
    {
      "accepted": true,
      "kkt_inf_free": 1.5297811444270337e-06,
      "lr_from_unrestricted": 37.88045532248793,
      "nll": 299.0109109366956,
      "p_a": 0.7974895240420141,
      "p_b": 0.1362646360682035,
      "pi": 0.55,
      "policy_probability": null,
      "profile_score_pi": -137.54618707301762,
      "selected_by_lr": false,
      "support_high": 0.7974895240420141,
      "support_low": 0.1362646360682035
    },
    {
      "accepted": true,
      "kkt_inf_free": 3.179593193181063e-07,
      "lr_from_unrestricted": 25.202597865082225,
      "nll": 292.67198220799276,
      "p_a": 0.7932745721816304,
      "p_b": 0.1194569625166474,
      "pi": 0.6,
      "policy_probability": null,
      "profile_score_pi": -115.63710016320364,
      "selected_by_lr": false,
      "support_high": 0.7932745721816304,
      "support_low": 0.1194569625166474
    },
    {
      "accepted": true,
      "kkt_inf_free": 1.259268174180761e-07,
      "lr_from_unrestricted": 14.812725577653623,
      "nll": 287.47704606427845,
      "p_a": 0.7902053291095297,
      "p_b": 0.10835930293738522,
      "pi": 0.65,
      "policy_probability": null,
      "profile_score_pi": -91.86776350658985,
      "selected_by_lr": false,
      "support_high": 0.7902053291095297,
      "support_low": 0.10835930293738522
    },
    {
      "accepted": true,
      "kkt_inf_free": 5.956110271654325e-09,
      "lr_from_unrestricted": 6.901915983718709,
      "nll": 283.521641267311,
      "p_a": 0.7874926918908929,
      "p_b": 0.09974159667098566,
      "pi": 0.7,
      "policy_probability": null,
      "profile_score_pi": -65.86838876751051,
      "selected_by_lr": false,
      "support_high": 0.7874926918908929,
      "support_low": 0.09974159667098566
    },
    {
      "accepted": true,
      "kkt_inf_free": 1.6108231193356914e-08,
      "lr_from_unrestricted": 1.7727799851295458,
      "nll": 280.9570732680164,
      "p_a": 0.7847360697779914,
      "p_b": 0.0920736576735509,
      "pi": 0.75,
      "policy_probability": 0.6663629798533535,
      "profile_score_pi": -35.79406254923582,
      "selected_by_lr": true,
      "support_high": 0.7847360697779914,
      "support_low": 0.0920736576735509
    },
    {
      "accepted": true,
      "kkt_inf_free": 7.841297957611459e-07,
      "lr_from_unrestricted": 0.006093155282087537,
      "nll": 280.0737298530927,
      "p_a": 0.7816748859987763,
      "p_b": 0.08451255456506505,
      "pi": 0.8,
      "policy_probability": 0.6980505741403982,
      "profile_score_pi": 2.3200043332432188,
      "selected_by_lr": true,
      "support_high": 0.7816748859987763,
      "support_low": 0.08451255456506505
    },
    {
      "accepted": true,
      "kkt_inf_free": 2.8287630016166077e-08,
      "lr_from_unrestricted": 2.796541146871732,
      "nll": 281.4689538488875,
      "p_a": 0.778095508342725,
      "p_b": 0.0766160971753305,
      "pi": 0.85,
      "policy_probability": 0.7301073575041199,